,title,rental_duration,rental_rate,length,replacement_cost,rating,category,rented_may
0,ACADEMY DINOSAUR,6,0.99,86,20.99,PG,Documentary,1.0
1,ACE GOLDFINGER,3,4.99,48,12.99,G,Horror,
2,ADAPTATION HOLES,7,2.99,50,18.99,NC-17,Documentary,1.0
3,AFFAIR PREJUDICE,5,2.99,117,26.99,G,Horror,1.0
4,AFRICAN EGG,6,2.99,130,22.99,G,Family,1.0
5,AGENT TRUMAN,3,2.99,169,17.99,PG,Foreign,1.0
6,AIRPLANE SIERRA,6,4.99,62,28.99,PG-13,Comedy,
7,AIRPORT POLLOCK,6,4.99,54,15.99,R,Horror,1.0
8,ALABAMA DEVIL,3,2.99,114,21.99,PG-13,Horror,
9,ALADDIN CALENDAR,6,4.99,63,24.99,NC-17,Sports,
10,ALAMO VIDEOTAPE,6,0.99,126,16.99,G,Foreign,1.0
11,ALASKA PHANTOM,6,0.99,136,22.99,PG,Music,1.0
12,ALI FOREVER,4,4.99,150,21.99,PG,Horror,
13,ALIEN CENTER,5,2.99,46,10.99,NC-17,Foreign,1.0
14,ALLEY EVOLUTION,6,2.99,180,23.99,NC-17,Foreign,1.0
15,ALONE TRIP,3,0.99,82,14.99,R,Music,1.0
16,ALTER VICTORY,6,0.99,57,27.99,PG-13,Animation,1.0
17,AMADEUS HOLY,6,0.99,113,20.99,PG,Action,1.0
18,AMELIE HELLFIGHTERS,4,4.99,79,23.99,R,Music,
19,AMERICAN CIRCUS,3,4.99,129,17.99,R,Action,1.0
20,AMISTAD MIDSUMMER,6,2.99,85,10.99,G,New,
21,ANACONDA CONFESSIONS,3,0.99,92,9.99,R,Animation,1.0
22,ANALYZE HOOSIERS,6,2.99,181,19.99,R,Horror,
23,ANGELS LIFE,3,2.99,74,15.99,G,New,1.0
24,ANNIE IDENTITY,3,0.99,86,15.99,G,Sci-Fi,1.0
25,ANONYMOUS HUMAN,7,0.99,179,12.99,NC-17,Sports,
26,ANTHEM LUKE,5,4.99,91,16.99,PG-13,Comedy,1.0
27,ANTITRUST TOMATOES,5,2.99,168,11.99,NC-17,Action,1.0
28,ANYTHING SAVANNAH,4,2.99,82,27.99,R,Horror,1.0
29,APACHE DIVINE,5,4.99,92,16.99,NC-17,Family,1.0
30,APOCALYPSE FLAMINGOS,6,4.99,119,11.99,R,New,
31,ARABIA DOGMA,6,0.99,62,29.99,NC-17,Horror,1.0
32,ARACHNOPHOBIA ROLLERCOASTER,4,2.99,147,24.99,PG-13,Horror,
33,ARIZONA BANG,3,2.99,121,28.99,PG,Classics,
34,ARMAGEDDON LOST,5,0.99,99,10.99,G,Sci-Fi,1.0
35,ARMY FLINTSTONES,4,0.99,148,22.99,R,Documentary,1.0
36,ARTIST COLDBLOODED,5,2.99,170,10.99,NC-17,Sports,1.0
37,ATLANTIS CAUSE,6,2.99,170,15.99,G,Family,1.0
38,ATTACKS HATE,5,4.99,113,21.99,PG-13,Sci-Fi,
39,ATTRACTION NEWTON,5,4.99,83,14.99,PG-13,New,1.0
40,AUTUMN CROW,3,4.99,108,13.99,G,Games,1.0
41,BABY HALL,5,4.99,153,23.99,NC-17,Foreign,1.0
42,BACKLASH UNDEFEATED,3,4.99,118,24.99,PG-13,Children,1.0
43,BADMAN DAWN,6,2.99,162,22.99,R,Sci-Fi,
44,BAKED CLEOPATRA,3,2.99,182,20.99,G,Family,1.0
45,BALLOON HOMEWARD,5,2.99,75,10.99,NC-17,Music,1.0
46,BALLROOM MOCKINGBIRD,6,0.99,173,29.99,G,Foreign,1.0
47,BANG KWAI,5,2.99,87,25.99,NC-17,Family,
48,BANGER PINOCCHIO,5,0.99,113,15.99,R,Music,1.0
49,BARBARELLA STREETCAR,6,2.99,65,27.99,G,Sci-Fi,1.0
50,BAREFOOT MANCHURIAN,6,2.99,129,15.99,G,Action,1.0
51,BASIC EASY,4,2.99,90,18.99,PG-13,Travel,1.0
52,BEACH HEARTBREAKERS,6,2.99,122,16.99,G,Documentary,1.0
53,BEAR GRACELAND,4,2.99,160,20.99,R,Children,1.0
54,BEAST HUNCHBACK,3,4.99,89,22.99,R,Classics,1.0
55,BEAUTY GREASE,5,4.99,175,28.99,G,Drama,1.0
56,BED HIGHBALL,5,2.99,106,23.99,NC-17,Documentary,
57,BEDAZZLED MARRIED,6,0.99,73,21.99,PG,Family,1.0
58,BEETHOVEN EXORCIST,6,0.99,151,26.99,PG-13,Drama,
59,BEHAVIOR RUNAWAY,3,4.99,100,20.99,PG,Horror,1.0
60,BENEATH RUSH,6,0.99,53,27.99,NC-17,Children,
61,BERETS AGENT,5,2.99,77,24.99,PG-13,Action,1.0
62,BETRAYED REAR,5,4.99,122,26.99,NC-17,Children,1.0
63,BEVERLY OUTLAW,3,2.99,85,21.99,R,Sci-Fi,
64,BIKINI BORROWERS,7,4.99,142,26.99,NC-17,Animation,1.0
65,BILKO ANONYMOUS,3,4.99,100,25.99,PG-13,Family,1.0
66,BILL OTHERS,6,2.99,93,12.99,PG,Documentary,
67,BINGO TALENTED,5,2.99,150,22.99,PG-13,Sci-Fi,1.0
68,BIRCH ANTITRUST,4,4.99,162,18.99,PG,Music,
69,BIRD INDEPENDENCE,6,4.99,163,14.99,G,Travel,1.0
70,BIRDCAGE CASPER,4,0.99,103,23.99,NC-17,Music,
71,BIRDS PERDITION,5,4.99,61,15.99,G,New,1.0
72,BLACKOUT PRIVATE,7,2.99,85,12.99,PG,Animation,1.0
73,BLADE POLISH,5,0.99,114,10.99,PG-13,Drama,1.0
74,BLANKET BEVERLY,7,2.99,148,21.99,G,Family,1.0
75,BLINDNESS GUN,6,4.99,103,29.99,PG-13,Sci-Fi,1.0
76,BLOOD ARGONAUTS,3,0.99,71,13.99,G,Family,1.0
77,BLUES INSTINCT,5,2.99,50,18.99,G,Family,1.0
78,BOILED DARES,7,4.99,102,13.99,PG,Travel,1.0
79,BONNIE HOLOCAUST,4,0.99,63,29.99,G,Documentary,1.0
80,BOOGIE AMELIE,6,4.99,121,11.99,R,Music,1.0
81,BORN SPINAL,7,4.99,179,17.99,PG,Travel,
82,BORROWERS BEDAZZLED,7,0.99,63,22.99,G,Animation,1.0
83,BOULEVARD MOB,3,0.99,63,11.99,R,New,1.0
84,BOUND CHEAPER,5,0.99,98,17.99,PG,Classics,
85,BOWFINGER GABLES,7,4.99,72,19.99,NC-17,Horror,
86,BRANNIGAN SUNRISE,4,4.99,121,27.99,PG,New,1.0
87,BRAVEHEART HUMAN,7,2.99,176,14.99,PG-13,Family,
88,BREAKFAST GOLDFINGER,5,4.99,123,18.99,G,New,1.0
89,BREAKING HOME,4,2.99,169,21.99,PG-13,New,1.0
90,BRIDE INTRIGUE,7,0.99,56,24.99,G,Action,1.0
91,BRIGHT ENCOUNTERS,4,4.99,73,12.99,PG-13,Drama,1.0
92,BRINGING HYSTERICAL,7,2.99,136,14.99,PG,Comedy,
93,BROOKLYN DESERT,7,4.99,161,21.99,R,Foreign,1.0
94,BROTHERHOOD BLANKET,3,0.99,73,26.99,R,Documentary,1.0
95,BUBBLE GROSSE,4,4.99,60,20.99,R,Sports,
96,BUCKET BROTHERHOOD,7,4.99,133,27.99,PG,Travel,1.0
97,BUGSY SONG,4,2.99,119,17.99,G,Foreign,1.0
98,BULL SHAWSHANK,6,0.99,125,21.99,NC-17,Action,
99,BULWORTH COMMANDMENTS,4,2.99,61,14.99,G,Games,
100,BUNCH MINDS,4,2.99,63,13.99,G,Drama,
101,BUTTERFLY CHOCOLAT,3,0.99,89,17.99,G,New,1.0
102,CABIN FLASH,4,0.99,53,25.99,NC-17,Children,1.0
103,CADDYSHACK JEDI,3,0.99,52,17.99,NC-17,Action,1.0
104,CALENDAR GUNFIGHT,4,4.99,120,22.99,NC-17,Foreign,1.0
105,CALIFORNIA BIRDS,4,4.99,75,19.99,NC-17,Sports,1.0
106,CAMELOT VACATION,3,0.99,61,26.99,NC-17,Sci-Fi,1.0
107,CAMPUS REMEMBER,5,2.99,167,27.99,R,Action,1.0
108,CANDIDATE PERDITION,4,2.99,70,10.99,R,Classics,1.0
109,CANDLES GRAPES,6,4.99,135,15.99,NC-17,Games,1.0
110,CANYON STOCK,7,0.99,85,26.99,R,Animation,
111,CAPER MOTIONS,6,0.99,176,22.99,G,Comedy,1.0
112,CARIBBEAN LIBERTY,3,4.99,92,16.99,NC-17,Sports,1.0
113,CAROL TEXAS,4,2.99,151,15.99,PG,Animation,
114,CARRIE BUNCH,7,0.99,114,11.99,PG,Horror,
115,CASABLANCA SUPER,6,4.99,85,22.99,G,Travel,
116,CASPER DRAGONFLY,3,4.99,163,16.99,PG-13,Children,
117,CASSIDY WYOMING,5,2.99,61,19.99,NC-17,Travel,
118,CASUALTIES ENCINO,3,4.99,179,16.99,G,Action,1.0
119,CAT CONEHEADS,5,4.99,112,14.99,G,Comedy,1.0
120,CAUSE DATE,3,2.99,179,16.99,R,Documentary,1.0
121,CELEBRITY HORN,7,0.99,110,24.99,PG-13,Action,1.0
122,CENTER DINOSAUR,5,4.99,152,12.99,PG,Classics,1.0
123,CHAINSAW UPTOWN,6,0.99,114,25.99,PG,Sci-Fi,1.0
124,CHAMBER ITALIAN,7,4.99,117,14.99,NC-17,Music,
125,CHAMPION FLATLINERS,4,4.99,51,21.99,PG,Animation,1.0
126,CHANCE RESURRECTION,3,2.99,70,22.99,R,Sports,1.0
127,CHAPLIN LICENSE,7,2.99,146,26.99,NC-17,New,
128,CHARADE DUFFEL,3,2.99,66,21.99,PG,Sci-Fi,1.0
129,CHARIOTS CONSPIRACY,5,2.99,71,29.99,R,Sci-Fi,1.0
130,CHASING FIGHT,7,4.99,114,21.99,PG,Family,1.0
131,CHEAPER CLYDE,6,0.99,87,23.99,G,Sci-Fi,1.0
132,CHICAGO NORTH,6,4.99,185,11.99,PG-13,Games,1.0
133,CHICKEN HELLFIGHTERS,3,0.99,122,24.99,PG,Documentary,1.0
134,CHILL LUCK,6,0.99,142,17.99,PG,Drama,1.0
135,CHISUM BEHAVIOR,5,4.99,124,25.99,G,Family,1.0
136,CHITTY LOCK,6,2.99,107,24.99,G,Drama,
137,CHOCOLAT HARRY,5,0.99,101,16.99,NC-17,Family,1.0
138,CHRISTMAS MOONSHINE,7,0.99,150,21.99,NC-17,Children,1.0
139,CIDER DESIRE,7,2.99,101,9.99,PG,Documentary,1.0
140,CINCINATTI WHISPERER,5,4.99,143,26.99,NC-17,Sci-Fi,1.0
141,CIRCUS YOUTH,5,2.99,90,13.99,PG-13,Children,1.0
142,CITIZEN SHREK,7,0.99,165,18.99,G,Sci-Fi,
143,CLASH FREDDY,6,2.99,81,12.99,G,Animation,1.0
144,CLEOPATRA DEVIL,6,0.99,150,26.99,PG-13,New,1.0
145,CLERKS ANGELS,3,4.99,164,15.99,G,Documentary,1.0
146,CLOCKWORK PARADISE,7,0.99,143,29.99,PG-13,Children,
147,CLONES PINOCCHIO,6,2.99,124,16.99,R,Music,1.0
148,CLOSER BANG,5,4.99,58,12.99,R,Comedy,1.0
149,CLUB GRAFFITI,4,0.99,65,12.99,PG-13,Animation,1.0
150,CLUE GRAIL,6,4.99,70,27.99,NC-17,Music,
151,CLUELESS BUCKET,4,2.99,95,13.99,R,Action,1.0
152,CLYDE THEORY,4,0.99,139,29.99,PG-13,New,
153,COAST RAINBOW,4,0.99,55,20.99,PG,Documentary,1.0
154,COLDBLOODED DARLING,7,4.99,70,27.99,G,Sci-Fi,
155,COLOR PHILADELPHIA,6,2.99,149,19.99,G,Classics,1.0
156,COMA HEAD,6,4.99,109,10.99,NC-17,Travel,1.0
157,COMANCHEROS ENEMY,5,0.99,67,23.99,R,Children,
158,COMFORTS RUSH,3,2.99,76,19.99,NC-17,Travel,1.0
159,COMMAND DARLING,5,4.99,120,28.99,PG-13,Foreign,
160,CONEHEADS SMOOCHY,7,4.99,112,12.99,NC-17,Drama,1.0
161,CONFESSIONS MAGUIRE,7,4.99,65,25.99,PG-13,Drama,1.0
162,CONFIDENTIAL INTERVIEW,6,4.99,180,13.99,NC-17,Music,1.0
163,CONFUSED CANDLES,3,2.99,122,27.99,PG-13,Family,
164,CONGENIALITY QUEST,6,0.99,87,21.99,PG-13,Sports,1.0
165,CONNECTICUT TRAMP,4,4.99,172,20.99,R,Sci-Fi,1.0
166,CONNECTION MICROCOSMOS,6,0.99,115,25.99,G,Comedy,1.0
167,CONQUERER NUTS,4,4.99,173,14.99,G,Drama,1.0
168,CONSPIRACY SPIRIT,4,2.99,184,27.99,PG-13,Classics,
169,CONTACT ANONYMOUS,7,2.99,166,10.99,PG-13,Travel,1.0
170,CONTROL ANTHEM,7,4.99,185,9.99,G,Comedy,1.0
171,CONVERSATION DOWNHILL,4,4.99,112,14.99,R,Family,
172,CORE SUIT,3,2.99,92,24.99,PG-13,Classics,1.0
173,COWBOY DOOM,3,2.99,146,10.99,PG,Foreign,
174,CRAFT OUTFIELD,6,0.99,64,17.99,NC-17,Drama,1.0
175,CRANES RESERVOIR,5,2.99,57,12.99,NC-17,Sports,1.0
176,CRAZY HOME,7,2.99,136,24.99,PG,Comedy,
177,CREATURES SHAKESPEARE,3,0.99,139,23.99,NC-17,Games,
178,CREEPERS KANE,5,4.99,172,23.99,NC-17,Classics,1.0
179,CROOKED FROGMEN,6,0.99,143,27.99,PG-13,Children,1.0
180,CROSSROADS CASUALTIES,5,2.99,153,20.99,G,Animation,
181,CROW GREASE,6,0.99,104,22.99,PG,Action,
182,CRUELTY UNFORGIVEN,7,0.99,69,29.99,G,Classics,1.0
183,CRUSADE HONEY,4,2.99,112,27.99,R,Sports,1.0
184,CUPBOARD SINNERS,4,2.99,56,29.99,R,Documentary,
185,CURTAIN VIDEOTAPE,7,0.99,133,27.99,PG-13,Games,1.0
186,CYCLONE FAMILY,7,2.99,176,18.99,PG,Foreign,1.0
187,DADDY PITTSBURGH,5,4.99,161,26.99,G,Comedy,1.0
188,DAISY MENAGERIE,5,4.99,84,9.99,G,Sci-Fi,1.0
189,DALMATIONS SWEDEN,4,0.99,106,25.99,PG,Drama,1.0
190,DANCES NONE,3,0.99,58,22.99,NC-17,Action,1.0
191,DANCING FEVER,6,0.99,144,25.99,G,Documentary,1.0
192,DANGEROUS UPTOWN,7,4.99,121,26.99,PG,Foreign,
193,DARES PLUTO,7,2.99,89,16.99,PG-13,Animation,1.0
194,DARKNESS WAR,6,2.99,99,24.99,NC-17,Drama,1.0
195,DARKO DORADO,3,4.99,130,13.99,NC-17,Action,1.0
196,DARLING BREAKING,7,4.99,165,20.99,PG-13,Games,1.0
197,DARN FORRESTER,7,4.99,185,14.99,G,Action,1.0
198,DATE SPEED,4,0.99,104,19.99,R,Family,1.0
199,DAUGHTER MADIGAN,3,4.99,59,13.99,PG-13,Children,
200,DAWN POND,4,4.99,57,27.99,PG,Games,1.0
201,DAY UNFAITHFUL,3,4.99,113,16.99,G,New,1.0
202,DECEIVER BETRAYED,7,0.99,122,22.99,NC-17,Drama,1.0
203,DEEP CRUSADE,6,4.99,51,20.99,PG-13,Documentary,1.0
204,DEER VIRGINIAN,7,2.99,106,13.99,NC-17,Music,1.0
205,DESERT POSEIDON,4,4.99,64,27.99,R,Horror,
206,DESIRE ALIEN,7,2.99,76,24.99,NC-17,Animation,
207,DESPERATE TRAINSPOTTING,7,4.99,81,29.99,G,Travel,
208,DESTINATION JERK,3,0.99,76,19.99,PG-13,Drama,
209,DESTINY SATURDAY,4,4.99,56,20.99,G,New,1.0
210,DETAILS PACKER,4,4.99,88,17.99,R,Games,1.0
211,DETECTIVE VISION,4,0.99,143,16.99,PG-13,Classics,1.0
212,DEVIL DESIRE,6,4.99,87,12.99,R,Action,1.0
213,DIARY PANIC,7,2.99,107,20.99,G,Drama,1.0
214,DINOSAUR SECRETARY,7,2.99,63,27.99,R,Family,
215,DIRTY ACE,7,2.99,147,29.99,NC-17,Games,1.0
216,DISCIPLE MOTHER,3,0.99,141,17.99,PG,Travel,1.0
217,DISTURBING SCARFACE,6,2.99,94,27.99,R,Sci-Fi,1.0
218,DIVIDE MONSTER,6,2.99,68,13.99,PG-13,Sci-Fi,
219,DIVINE RESURRECTION,4,2.99,100,19.99,R,Games,
220,DIVORCE SHINING,3,2.99,47,21.99,G,Sports,1.0
221,DOCTOR GRAIL,4,2.99,57,29.99,G,Children,1.0
222,DOGMA FAMILY,5,4.99,122,16.99,G,Animation,1.0
223,DOLLS RAGE,7,2.99,120,10.99,PG-13,Sci-Fi,1.0
224,DONNIE ALLEY,4,0.99,125,20.99,NC-17,Animation,1.0
225,DOOM DANCING,4,0.99,68,13.99,R,Comedy,1.0
226,DOORS PRESIDENT,3,4.99,49,22.99,NC-17,Animation,1.0
227,DORADO NOTTING,5,4.99,139,26.99,NC-17,Music,1.0
228,DOUBLE WRATH,4,0.99,177,28.99,R,Animation,1.0
229,DOUBTFIRE LABYRINTH,5,4.99,154,16.99,R,Foreign,1.0
230,DOWNHILL ENOUGH,3,0.99,47,19.99,G,Comedy,1.0
231,DOZEN LION,6,4.99,177,20.99,NC-17,Documentary,1.0
232,DRACULA CRYSTAL,7,0.99,176,26.99,G,Classics,1.0
233,DRAGON SQUAD,4,0.99,170,26.99,NC-17,Action,
234,DRAGONFLY STRANGERS,6,4.99,133,19.99,NC-17,New,1.0
235,DREAM PICKUP,6,2.99,135,18.99,PG,Action,1.0
236,DRIFTER COMMANDMENTS,5,4.99,61,18.99,PG-13,Action,1.0
237,DRIVER ANNIE,4,2.99,159,11.99,PG-13,Sports,1.0
238,DRIVING POLISH,6,4.99,175,21.99,NC-17,Music,1.0
239,DROP WATERFRONT,6,4.99,178,20.99,R,Sports,1.0
240,DRUMLINE CYCLONE,3,0.99,110,14.99,G,Travel,1.0
241,DRUMS DYNAMITE,6,0.99,96,11.99,PG,Horror,
242,DUCK RACER,4,2.99,116,15.99,NC-17,Animation,
243,DUDE BLINDNESS,3,4.99,132,9.99,G,Sports,1.0
244,DUFFEL APOCALYPSE,5,0.99,171,13.99,G,Documentary,
245,DUMBO LUST,5,0.99,119,17.99,NC-17,Family,
246,DURHAM PANKY,6,4.99,154,14.99,R,Sports,1.0
247,DWARFS ALTER,6,2.99,101,13.99,G,Games,1.0
248,DYING MAKER,5,4.99,168,28.99,PG,Comedy,1.0
249,DYNAMITE TARZAN,4,0.99,141,27.99,PG-13,Classics,1.0
250,EAGLES PANKY,4,4.99,140,14.99,NC-17,New,1.0
251,EARLY HOME,6,4.99,96,27.99,NC-17,Animation,1.0
252,EARRING INSTINCT,3,0.99,98,22.99,R,Family,1.0
253,EARTH VISION,7,0.99,85,29.99,NC-17,New,
254,EASY GLADIATOR,5,4.99,148,12.99,G,Action,1.0
255,EDGE KISSING,5,4.99,153,9.99,NC-17,Drama,1.0
256,EFFECT GLADIATOR,6,0.99,107,14.99,PG,Family,1.0
257,EGG IGBY,4,2.99,67,20.99,PG,Documentary,1.0
258,EGYPT TENENBAUMS,3,0.99,85,11.99,PG,Horror,1.0
259,ELEMENT FREDDY,6,4.99,115,28.99,NC-17,Comedy,
260,ELEPHANT TROJAN,4,4.99,126,24.99,PG-13,Horror,1.0
261,ELF MURDER,4,4.99,155,19.99,NC-17,Music,1.0
262,ELIZABETH SHANE,7,4.99,152,11.99,NC-17,Sports,1.0
263,EMPIRE MALKOVICH,7,0.99,177,26.99,G,Children,1.0
264,ENCINO ELF,6,0.99,143,9.99,G,Games,
265,ENCOUNTERS CURTAIN,5,0.99,92,20.99,NC-17,Drama,1.0
266,ENDING CROWDS,6,0.99,85,10.99,NC-17,New,1.0
267,ENEMY ODDS,5,4.99,77,23.99,NC-17,Music,1.0
268,ENGLISH BULWORTH,3,0.99,51,18.99,PG-13,Sci-Fi,1.0
269,ENOUGH RAGING,7,2.99,158,16.99,NC-17,Travel,1.0
270,ENTRAPMENT SATISFACTION,5,0.99,176,19.99,R,Action,1.0
271,ESCAPE METROPOLIS,7,2.99,167,20.99,R,Travel,1.0
272,EVE RESURRECTION,5,4.99,66,25.99,G,New,
273,EVERYONE CRAFT,4,0.99,163,29.99,PG,Foreign,1.0
274,EVOLUTION ALTER,5,0.99,174,10.99,PG-13,Sports,
275,EXCITEMENT EVE,3,0.99,51,20.99,G,Action,1.0
276,EXORCIST STING,6,2.99,167,17.99,G,Sports,1.0
277,EXPECATIONS NATURAL,5,4.99,138,26.99,PG-13,Travel,1.0
278,EXPENDABLE STALLION,3,0.99,97,14.99,PG,Documentary,1.0
279,EXPRESS LONELY,5,2.99,178,23.99,R,Sci-Fi,1.0
280,EXTRAORDINARY CONQUERER,6,2.99,122,29.99,G,Classics,
281,EYES DRIVING,4,2.99,172,13.99,PG-13,Sci-Fi,1.0
282,FACTORY DRAGON,4,0.99,144,9.99,PG-13,Travel,1.0
283,FALCON VOLUME,5,4.99,102,21.99,PG-13,Animation,1.0
284,FAMILY SWEET,4,0.99,155,24.99,R,Horror,1.0
285,FANTASIA PARK,5,2.99,131,29.99,G,Games,
286,FANTASY TROOPERS,6,0.99,58,27.99,PG-13,Action,1.0
287,FARGO GANDHI,3,2.99,130,28.99,G,Children,1.0
288,FATAL HAUNTED,6,2.99,91,24.99,PG,New,1.0
289,FEATHERS METAL,3,0.99,104,12.99,PG-13,Games,1.0
290,FELLOWSHIP AUTUMN,6,4.99,77,9.99,NC-17,Travel,1.0
291,FERRIS MOTHER,3,2.99,142,13.99,PG,Comedy,1.0
292,FEUD FROGMEN,6,0.99,98,29.99,R,Family,1.0
293,FEVER EMPIRE,5,4.99,158,20.99,R,Games,
294,FICTION CHRISTMAS,4,0.99,72,14.99,PG,Foreign,
295,FIDDLER LOST,4,4.99,75,20.99,R,Sci-Fi,
296,FIDELITY DEVIL,5,4.99,118,11.99,G,Horror,1.0
297,FIGHT JAWBREAKER,3,0.99,91,13.99,R,Animation,1.0
298,FINDING ANACONDA,4,0.99,156,10.99,R,Family,1.0
299,FIRE WOLVES,5,4.99,173,18.99,R,Games,
300,FIREBALL PHILADELPHIA,4,0.99,148,25.99,PG,Comedy,1.0
301,FISH OPUS,4,2.99,125,22.99,R,Sci-Fi,1.0
302,FLAMINGOS CONNECTICUT,4,4.99,80,28.99,PG-13,New,1.0
303,FLASH WARS,3,4.99,123,21.99,NC-17,New,
304,FLATLINERS KILLER,5,2.99,100,29.99,G,Sports,1.0
305,FLIGHT LIES,7,4.99,179,22.99,R,Sports,
306,FLINTSTONES HAPPINESS,3,4.99,148,11.99,PG-13,Comedy,
307,FLYING HOOK,6,2.99,69,18.99,NC-17,Animation,1.0
308,FOOL MOCKINGBIRD,3,4.99,158,24.99,PG,Action,1.0
309,FOREVER CANDIDATE,7,2.99,131,28.99,NC-17,Children,1.0
310,FORREST SONS,4,2.99,63,15.99,R,Action,1.0
311,FORRESTER COMANCHEROS,7,4.99,112,22.99,NC-17,Animation,1.0
312,FORWARD TEMPLE,6,2.99,90,25.99,NC-17,Games,1.0
313,FREAKY POCUS,7,2.99,126,16.99,R,Music,1.0
314,FREDDY STORM,6,4.99,65,21.99,NC-17,Horror,1.0
315,FREEDOM CLEOPATRA,5,0.99,133,23.99,PG-13,Comedy,
316,FRENCH HOLIDAY,5,4.99,99,22.99,PG,Documentary,1.0
317,FRIDA SLIPPER,6,2.99,73,11.99,R,Foreign,
318,FRISCO FORREST,6,4.99,51,23.99,PG,Sci-Fi,
319,FROGMEN BREAKING,5,0.99,111,17.99,R,Travel,
320,FRONTIER CABIN,6,4.99,183,14.99,PG-13,New,
321,FROST HEAD,5,0.99,82,13.99,PG,Classics,1.0
322,FUGITIVE MAGUIRE,7,4.99,83,28.99,R,Travel,
323,FULL FLATLINERS,6,2.99,94,14.99,PG,Children,
324,FURY MURDER,3,0.99,178,28.99,PG-13,Children,1.0
325,GABLES METROPOLIS,3,0.99,161,17.99,PG,Family,1.0
326,GALAXY SWEETHEARTS,4,4.99,128,13.99,R,Classics,1.0
327,GAMES BOWFINGER,7,4.99,119,17.99,PG-13,Travel,1.0
328,GANDHI KWAI,7,0.99,86,9.99,PG-13,Family,1.0
329,GANGS PRIDE,4,2.99,185,27.99,PG-13,Animation,1.0
330,GARDEN ISLAND,3,4.99,80,21.99,G,Sci-Fi,1.0
331,GASLIGHT CRUSADE,4,2.99,106,10.99,PG,Horror,
332,GATHERING CALENDAR,4,0.99,176,22.99,PG-13,Games,1.0
333,GENTLEMEN STAGE,6,2.99,125,22.99,NC-17,Foreign,1.0
334,GHOST GROUNDHOG,6,4.99,85,18.99,G,Children,1.0
335,GHOSTBUSTERS ELF,7,0.99,101,18.99,R,Animation,1.0
336,GIANT TROOPERS,5,2.99,102,10.99,R,Children,1.0
337,GILBERT PELICAN,7,0.99,114,13.99,G,Classics,
338,GILMORE BOILED,5,0.99,163,29.99,R,Classics,1.0
339,GLASS DYING,4,0.99,103,24.99,G,Action,1.0
340,GLEAMING JAWBREAKER,5,2.99,89,25.99,NC-17,Sports,1.0
341,GLORY TRACY,7,2.99,115,13.99,PG-13,Games,
342,GO PURPLE,3,0.99,54,12.99,R,Music,1.0
343,GODFATHER DIARY,3,2.99,73,14.99,NC-17,New,
344,GOLD RIVER,4,4.99,154,21.99,R,Comedy,
345,GOLDFINGER SENSIBILITY,3,0.99,93,29.99,G,Drama,1.0
346,GOLDMINE TYCOON,6,0.99,153,20.99,R,Sci-Fi,1.0
347,GONE TROUBLE,7,2.99,84,20.99,R,Drama,1.0
348,GOODFELLAS SALUTE,4,4.99,56,22.99,PG,Sci-Fi,1.0
349,GORGEOUS BINGO,4,2.99,108,26.99,R,Children,1.0
350,GOSFORD DONNIE,5,4.99,129,17.99,G,Action,
351,GRACELAND DYNAMITE,5,4.99,140,26.99,R,Sports,
352,GRADUATE LORD,7,2.99,156,14.99,G,Children,1.0
353,GRAFFITI LOVE,3,0.99,117,29.99,PG,Sci-Fi,1.0
354,GRAIL FRANKENSTEIN,4,2.99,85,17.99,NC-17,Action,1.0
355,GRAPES FURY,4,0.99,155,20.99,G,Foreign,
356,GREASE YOUTH,7,0.99,135,20.99,G,Family,1.0
357,GREATEST NORTH,5,2.99,93,24.99,NC-17,Music,1.0
358,GREEDY ROOTS,7,0.99,166,14.99,R,Drama,1.0
359,GREEK EVERYONE,7,2.99,176,11.99,PG,Foreign,
360,GRINCH MASSAGE,7,4.99,150,25.99,R,Games,
361,GRIT CLOCKWORK,3,0.99,137,21.99,PG,Games,1.0
362,GROOVE FICTION,6,0.99,111,13.99,NC-17,Sports,1.0
363,GROSSE WONDERFUL,5,4.99,49,19.99,R,Music,
364,GROUNDHOG UNCUT,6,4.99,139,26.99,PG-13,Comedy,1.0
365,GUN BONNIE,7,0.99,100,27.99,G,Games,1.0
366,GUNFIGHT MOON,5,0.99,70,16.99,NC-17,Comedy,1.0
367,GUNFIGHTER MUSSOLINI,3,2.99,127,9.99,PG-13,Sports,
368,GUYS FALCON,4,4.99,84,20.99,R,Sci-Fi,1.0
369,HALF OUTFIELD,6,2.99,146,25.99,PG-13,Family,1.0
370,HALL CASSIDY,5,4.99,51,13.99,NC-17,Children,
371,HALLOWEEN NUTS,6,2.99,47,19.99,PG-13,Documentary,1.0
372,HAMLET WISDOM,7,2.99,146,21.99,R,Sci-Fi,1.0
373,HANDICAP BOONDOCK,4,0.99,108,28.99,R,Action,1.0
374,HANGING DEEP,5,4.99,62,18.99,G,Drama,1.0
375,HANKY OCTOBER,5,2.99,107,26.99,NC-17,Sci-Fi,1.0
376,HANOVER GALAXY,5,4.99,47,21.99,NC-17,Music,1.0
377,HAPPINESS UNITED,6,2.99,100,23.99,G,Foreign,
378,HARDLY ROBBERS,7,2.99,72,15.99,R,Documentary,
379,HAROLD FRENCH,6,0.99,168,10.99,NC-17,Drama,1.0
380,HARPER DYING,3,0.99,52,15.99,G,Animation,
381,HARRY IDAHO,5,4.99,121,18.99,PG-13,Drama,1.0
382,HAUNTED ANTITRUST,6,4.99,76,13.99,NC-17,Travel,
383,HAUNTING PIANIST,5,0.99,181,22.99,R,Games,1.0
384,HAWK CHILL,5,0.99,47,12.99,PG-13,Documentary,1.0
385,HEAD STRANGER,4,4.99,69,28.99,R,Games,1.0
386,HEARTBREAKERS BRIGHT,3,4.99,59,9.99,G,Children,
387,HEAVEN FREEDOM,7,2.99,48,19.99,PG,Comedy,1.0
388,HEAVENLY GUN,5,4.99,49,13.99,NC-17,Music,1.0
389,HEAVYWEIGHTS BEAST,6,4.99,102,25.99,G,Documentary,1.0
390,HEDWIG ALTER,7,2.99,169,16.99,NC-17,Comedy,1.0
391,HELLFIGHTERS SIERRA,3,2.99,75,23.99,PG,Foreign,1.0
392,HIGH ENCINO,3,2.99,84,23.99,R,Horror,1.0
393,HIGHBALL POTTER,6,0.99,110,10.99,R,Foreign,1.0
394,HILLS NEIGHBORS,5,0.99,93,29.99,G,Action,1.0
395,HOBBIT ALIEN,5,0.99,157,27.99,PG-13,Drama,1.0
396,HOLES BRANNIGAN,7,4.99,128,27.99,PG,Sports,
397,HOLIDAY GAMES,7,4.99,78,10.99,PG-13,Foreign,
398,HOLLOW JEOPARDY,7,4.99,136,25.99,NC-17,Sci-Fi,1.0
399,HOLLYWOOD ANONYMOUS,7,0.99,69,29.99,PG,Children,
400,HOLOCAUST HIGHBALL,6,0.99,149,12.99,R,Children,1.0
401,HOLY TADPOLE,6,0.99,88,20.99,R,Classics,1.0
402,HOME PITY,7,4.99,185,15.99,R,Music,1.0
403,HOMEWARD CIDER,5,0.99,103,19.99,R,Documentary,
404,HOMICIDE PEACH,6,2.99,141,21.99,PG-13,Family,1.0
405,HONEY TIES,3,0.99,84,29.99,R,Sports,1.0
406,HOOK CHARIOTS,7,0.99,49,23.99,G,Animation,
407,HOOSIERS BIRDCAGE,3,2.99,176,12.99,G,Foreign,
408,HOPE TOOTSIE,4,2.99,139,22.99,NC-17,Classics,1.0
409,HORN WORKING,4,2.99,95,23.99,PG,Animation,1.0
410,HORROR REIGN,3,0.99,139,25.99,R,Travel,1.0
411,HOTEL HAPPINESS,6,4.99,181,28.99,PG-13,Foreign,1.0
412,HOURS RAGE,4,0.99,122,14.99,NC-17,New,1.0
413,HOUSE DYNAMITE,7,2.99,109,13.99,R,Family,1.0
414,HUMAN GRAFFITI,3,2.99,68,22.99,NC-17,Games,
415,HUNCHBACK IMPOSSIBLE,4,4.99,151,28.99,PG-13,Drama,1.0
416,HUNGER ROOF,6,0.99,105,21.99,G,Foreign,1.0
417,HUNTER ALTER,5,2.99,125,21.99,PG-13,Documentary,
418,HUNTING MUSKETEERS,6,2.99,65,24.99,NC-17,Family,1.0
419,HURRICANE AFFAIR,6,2.99,49,11.99,PG,Comedy,1.0
420,HUSTLER PARTY,3,4.99,83,22.99,NC-17,Comedy,
421,HYDE DOCTOR,5,2.99,100,11.99,G,Classics,1.0
422,HYSTERICAL GRAIL,5,4.99,150,19.99,PG,Sports,
423,ICE CROSSING,5,2.99,131,28.99,R,Games,1.0
424,IDAHO LOVE,3,2.99,172,25.99,PG-13,New,1.0
425,IDENTITY LOVER,4,2.99,119,12.99,PG-13,Sci-Fi,1.0
426,IDOLS SNATCHERS,5,2.99,84,29.99,NC-17,Children,1.0
427,IGBY MAKER,7,4.99,160,12.99,NC-17,Travel,1.0
428,ILLUSION AMELIE,4,0.99,122,15.99,R,Foreign,1.0
429,IMAGE PRINCESS,3,2.99,178,17.99,PG-13,Sports,
430,IMPACT ALADDIN,6,0.99,180,20.99,PG-13,Music,1.0
431,IMPOSSIBLE PREJUDICE,7,4.99,103,11.99,NC-17,Foreign,
432,INCH JET,6,4.99,167,18.99,NC-17,Animation,
433,INDEPENDENCE HOTEL,5,0.99,157,21.99,NC-17,Documentary,1.0
434,INDIAN LOVE,4,0.99,135,26.99,NC-17,Family,1.0
435,INFORMER DOUBLE,4,4.99,74,23.99,NC-17,Foreign,
436,INNOCENT USUAL,3,4.99,178,26.99,PG-13,Foreign,
437,INSECTS STONE,3,0.99,123,14.99,NC-17,Animation,
438,INSIDER ARIZONA,5,2.99,78,17.99,NC-17,Music,1.0
439,INSTINCT AIRPORT,4,2.99,116,21.99,PG,Sports,1.0
440,INTENTIONS EMPIRE,3,2.99,107,13.99,PG-13,Animation,
441,INTERVIEW LIAISONS,4,4.99,59,17.99,R,New,1.0
442,INTOLERABLE INTENTIONS,6,4.99,63,20.99,PG-13,Documentary,1.0
443,INTRIGUE WORST,6,0.99,181,10.99,G,Foreign,1.0
444,INVASION CYCLONE,5,2.99,97,12.99,PG,Children,1.0
445,IRON MOON,7,4.99,46,27.99,PG,Classics,
446,ISHTAR ROCKETEER,4,4.99,79,24.99,R,Animation,1.0
447,ISLAND EXORCIST,7,2.99,84,23.99,NC-17,Classics,1.0
448,ITALIAN AFRICAN,3,4.99,174,24.99,G,Travel,
449,JACKET FRISCO,5,2.99,181,16.99,PG-13,Drama,1.0
450,JADE BUNCH,6,2.99,174,21.99,NC-17,Sports,1.0
451,JAPANESE RUN,6,0.99,135,29.99,G,Horror,
452,JASON TRAP,5,2.99,130,9.99,NC-17,Family,1.0
453,JAWBREAKER BROOKLYN,5,0.99,118,15.99,PG,Music,
454,JAWS HARRY,4,2.99,112,10.99,G,Comedy,1.0
455,JEDI BENEATH,7,0.99,128,12.99,PG,Family,1.0
456,JEEPERS WEDDING,3,2.99,84,29.99,R,Classics,1.0
457,JEKYLL FROGMEN,4,2.99,58,22.99,PG,New,1.0
458,JEOPARDY ENCINO,3,0.99,102,12.99,R,Classics,
459,JERICHO MULAN,3,2.99,171,29.99,NC-17,Games,1.0
460,JERK PAYCHECK,3,2.99,172,13.99,NC-17,Classics,1.0
461,JERSEY SASSY,6,4.99,60,16.99,PG,Children,
462,JET NEIGHBORS,7,4.99,59,14.99,R,Foreign,1.0
463,JINGLE SAGEBRUSH,6,4.99,124,29.99,PG-13,Classics,1.0
464,JOON NORTHWEST,3,0.99,105,23.99,NC-17,Sports,1.0
465,JUGGLER HARDLY,4,0.99,54,14.99,PG-13,Animation,1.0
466,JUMANJI BLADE,4,2.99,121,13.99,G,New,
467,JUMPING WRATH,4,0.99,74,18.99,NC-17,Children,1.0
468,JUNGLE CLOSER,6,0.99,134,11.99,NC-17,New,1.0
469,KANE EXORCIST,5,0.99,92,18.99,R,Foreign,1.0
470,KARATE MOON,4,0.99,120,21.99,PG-13,Horror,1.0
471,KICK SAVANNAH,3,0.99,179,10.99,PG-13,Travel,1.0
472,KILLER INNOCENT,7,2.99,161,11.99,R,Family,
473,KING EVOLUTION,3,4.99,184,24.99,NC-17,Family,1.0
474,KISS GLORY,5,4.99,163,11.99,PG-13,Foreign,1.0
475,KISSING DOLLS,3,4.99,141,9.99,R,Action,1.0
476,KNOCK WARLOCK,4,2.99,71,21.99,PG-13,Comedy,1.0
477,KRAMER CHOCOLATE,3,2.99,171,24.99,R,Sports,
478,KWAI HOMEWARD,5,0.99,46,25.99,PG-13,Drama,1.0
479,LABYRINTH LEAGUE,6,2.99,46,24.99,PG-13,Children,1.0
480,LADY STAGE,4,4.99,67,14.99,PG,Horror,1.0
481,LADYBUGS ARMAGEDDON,4,0.99,113,13.99,NC-17,Games,
482,LAMBS CINCINATTI,6,4.99,144,18.99,PG-13,Games,
483,LANGUAGE COWBOY,5,0.99,78,26.99,NC-17,Children,1.0
484,LAWLESS VISION,6,4.99,181,29.99,G,Animation,1.0
485,LAWRENCE LOVE,7,0.99,175,23.99,NC-17,Action,
486,LEAGUE HELLFIGHTERS,5,4.99,110,25.99,PG-13,Classics,
487,LEATHERNECKS DWARFS,6,2.99,153,21.99,PG-13,Travel,
488,LEBOWSKI SOLDIERS,6,2.99,69,17.99,PG-13,Drama,1.0
489,LEGALLY SECRETARY,7,4.99,113,14.99,PG,Children,1.0
490,LEGEND JEDI,7,0.99,59,18.99,PG,Music,1.0
491,LESSON CLEOPATRA,3,0.99,167,28.99,NC-17,Sports,1.0
492,LIAISONS SWEET,5,4.99,140,15.99,PG,Travel,1.0
493,LIBERTY MAGNIFICENT,3,2.99,138,27.99,G,Sports,1.0
494,LICENSE WEEKEND,7,2.99,91,28.99,NC-17,Sci-Fi,1.0
495,LIES TREATMENT,7,4.99,147,28.99,NC-17,Drama,1.0
496,LIFE TWISTED,4,2.99,137,9.99,NC-17,Comedy,1.0
497,LIGHTS DEER,7,0.99,174,21.99,R,Classics,1.0
498,LION UNCUT,6,0.99,50,13.99,PG,Comedy,1.0
499,LOATHING LEGALLY,4,0.99,140,29.99,R,Classics,1.0
500,LOCK REAR,7,2.99,120,10.99,R,Travel,1.0
501,LOLA AGENT,4,4.99,85,24.99,PG,Horror,1.0
502,LOLITA WORLD,4,2.99,155,25.99,NC-17,Family,1.0
503,LONELY ELEPHANT,3,2.99,67,12.99,G,Comedy,1.0
504,LORD ARIZONA,5,2.99,108,27.99,PG-13,Action,1.0
505,LOSE INCH,3,0.99,137,18.99,R,Foreign,1.0
506,LOSER HUSTLER,5,4.99,80,28.99,PG,Sports,1.0
507,LOST BIRD,4,2.99,98,21.99,PG-13,Foreign,1.0
508,LOUISIANA HARRY,5,0.99,70,18.99,PG-13,Family,1.0
509,LOVE SUICIDES,6,0.99,181,21.99,R,Horror,1.0
510,LOVELY JINGLE,3,2.99,65,18.99,PG,Classics,
511,LOVER TRUMAN,3,2.99,75,29.99,G,Classics,1.0
512,LOVERBOY ATTACKS,7,0.99,162,19.99,PG-13,New,
513,LUCK OPUS,7,2.99,152,21.99,NC-17,Drama,1.0
514,LUCKY FLYING,7,2.99,97,10.99,PG-13,Music,1.0
515,LUKE MUMMY,5,2.99,74,21.99,NC-17,Animation,
516,LUST LOCK,3,2.99,52,28.99,G,Action,
517,MADIGAN DORADO,5,4.99,116,20.99,R,Travel,1.0
518,MADISON TRAP,4,2.99,147,11.99,R,Documentary,1.0
519,MADNESS ATTACKS,4,0.99,178,14.99,PG-13,Foreign,1.0
520,MADRE GABLES,7,2.99,98,27.99,PG-13,Games,1.0
521,MAGIC MALLRATS,3,0.99,117,19.99,PG,Children,
522,MAGNIFICENT CHITTY,3,2.99,53,27.99,R,Classics,
523,MAGNOLIA FORRESTER,4,0.99,171,28.99,PG-13,Action,
524,MAGUIRE APACHE,6,2.99,74,22.99,NC-17,Family,
525,MAIDEN HOME,3,4.99,138,9.99,PG,New,1.0
526,MAJESTIC FLOATS,5,0.99,130,15.99,PG,Documentary,1.0
527,MAKER GABLES,4,0.99,136,12.99,PG-13,Children,
528,MALKOVICH PET,6,2.99,159,22.99,G,Classics,1.0
529,MALLRATS UNITED,4,0.99,133,25.99,PG,Comedy,1.0
530,MALTESE HOPE,6,4.99,127,26.99,PG-13,Games,1.0
531,MANCHURIAN CURTAIN,5,2.99,177,27.99,PG,Family,1.0
532,MANNEQUIN WORST,3,2.99,71,18.99,PG-13,New,
533,MARRIED GO,7,2.99,114,22.99,G,Sci-Fi,1.0
534,MARS ROMAN,6,0.99,62,21.99,NC-17,Games,1.0
535,MASK PEACH,6,2.99,123,26.99,NC-17,New,1.0
536,MASKED BUBBLE,6,0.99,151,12.99,PG-13,Music,
537,MASSACRE USUAL,6,4.99,165,16.99,R,Games,1.0
538,MASSAGE IMAGE,4,2.99,161,11.99,PG,Animation,1.0
539,MATRIX SNOWMAN,6,4.99,56,9.99,PG-13,Foreign,1.0
540,MAUDE MOD,6,0.99,72,20.99,R,Foreign,
541,MEET CHOCOLATE,3,2.99,80,26.99,G,Foreign,1.0
542,MEMENTO ZOOLANDER,4,4.99,77,11.99,NC-17,Comedy,
543,MENAGERIE RUSHMORE,7,2.99,147,18.99,G,Animation,1.0
544,MERMAID INSECTS,5,4.99,104,20.99,NC-17,Sports,1.0
545,METAL ARMAGEDDON,6,2.99,161,26.99,PG-13,Documentary,1.0
546,METROPOLIS COMA,4,2.99,64,9.99,PG-13,Sci-Fi,1.0
547,MICROCOSMOS PARADISE,6,2.99,105,22.99,PG-13,Children,1.0
548,MIDNIGHT WESTWARD,3,0.99,86,19.99,G,Action,1.0
549,MIDSUMMER GROUNDHOG,3,4.99,48,27.99,G,Documentary,1.0
550,MIGHTY LUCK,7,2.99,122,13.99,PG,Documentary,1.0
551,MILE MULAN,4,0.99,64,10.99,PG,Sports,1.0
552,MILLION ACE,4,4.99,142,16.99,PG-13,Classics,1.0
553,MINDS TRUMAN,3,4.99,149,22.99,PG-13,Action,1.0
554,MINE TITANS,3,4.99,166,12.99,PG-13,New,1.0
555,MINORITY KISS,4,0.99,59,16.99,G,Music,
556,MIRACLE VIRTUAL,3,2.99,162,19.99,PG-13,Animation,1.0
557,MISSION ZOOLANDER,3,4.99,164,26.99,PG-13,Animation,1.0
558,MIXED DOORS,6,2.99,180,26.99,PG-13,Foreign,
559,MOB DUFFEL,4,0.99,105,25.99,G,Drama,1.0
560,MOCKINGBIRD HOLLYWOOD,4,0.99,60,27.99,PG,Action,1.0
561,MOD SECRETARY,6,4.99,77,20.99,NC-17,Documentary,1.0
562,MODEL FISH,4,4.99,175,11.99,NC-17,Children,1.0
563,MODERN DORADO,3,0.99,74,20.99,PG,Documentary,1.0
564,MONEY HAROLD,3,2.99,135,17.99,PG,New,
565,MONSOON CAUSE,6,4.99,182,20.99,PG,Games,
566,MONSTER SPARTACUS,6,2.99,107,28.99,PG,Music,1.0
567,MONTEREY LABYRINTH,6,0.99,158,13.99,G,Horror,1.0
568,MONTEZUMA COMMAND,6,0.99,126,22.99,NC-17,Action,
569,MOON BUNCH,7,0.99,83,20.99,PG,Foreign,1.0
570,MOONSHINE CABIN,4,4.99,171,25.99,PG-13,Games,1.0
571,MOONWALKER FOOL,5,4.99,184,12.99,G,Games,1.0
572,MOSQUITO ARMAGEDDON,6,0.99,57,22.99,G,Sports,1.0
573,MOTHER OLEANDER,3,0.99,103,20.99,R,Sports,1.0
574,MOTIONS DETAILS,5,0.99,166,16.99,PG,Horror,1.0
575,MOULIN WAKE,4,0.99,79,20.99,PG-13,Travel,
576,MOURNING PURPLE,5,0.99,146,14.99,PG,Sci-Fi,1.0
577,MOVIE SHAKESPEARE,6,4.99,53,27.99,PG,Family,1.0
578,MULAN MOON,4,0.99,160,10.99,G,Comedy,1.0
579,MULHOLLAND BEAST,7,2.99,157,13.99,PG,Foreign,
580,MUMMY CREATURES,3,0.99,160,15.99,NC-17,Sports,
581,MURDER ANTITRUST,6,2.99,166,11.99,PG,Children,1.0
582,MUSCLE BRIGHT,7,2.99,185,23.99,G,Travel,1.0
583,MUSIC BOONDOCK,7,0.99,129,17.99,R,Family,1.0
584,MUSKETEERS WAIT,7,4.99,73,17.99,PG,Classics,1.0
585,MUSSOLINI SPOILERS,6,2.99,180,10.99,G,Sports,
586,MYSTIC TRUMAN,5,0.99,92,19.99,NC-17,Comedy,1.0
587,NAME DETECTIVE,5,4.99,178,11.99,PG-13,Games,1.0
588,NASH CHOCOLAT,6,2.99,180,21.99,PG-13,Animation,1.0
589,NATIONAL STORY,4,2.99,92,19.99,NC-17,Documentary,1.0
590,NATURAL STOCK,4,0.99,50,24.99,PG-13,Family,1.0
591,NECKLACE OUTBREAK,3,0.99,132,21.99,PG,Drama,1.0
592,NEIGHBORS CHARADE,3,0.99,161,20.99,R,Sports,1.0
593,NEMO CAMPUS,5,2.99,131,23.99,NC-17,Sci-Fi,
594,NETWORK PEAK,5,2.99,75,23.99,PG-13,Family,1.0
595,NEWSIES STORY,4,0.99,159,25.99,G,Documentary,
596,NEWTON LABYRINTH,4,0.99,75,9.99,PG,Foreign,1.0
597,NIGHTMARE CHILL,3,4.99,149,25.99,PG,Games,1.0
598,NONE SPIKING,3,0.99,83,18.99,NC-17,Sci-Fi,1.0
599,NOON PAPI,5,2.99,57,12.99,G,Children,1.0
600,NORTH TEQUILA,4,4.99,67,9.99,NC-17,Documentary,1.0
601,NORTHWEST POLISH,5,2.99,172,24.99,PG,Sports,1.0
602,NOTORIOUS REUNION,7,0.99,128,9.99,NC-17,Documentary,1.0
603,NOTTING SPEAKEASY,7,0.99,48,19.99,PG-13,Drama,1.0
604,NOVOCAINE FLIGHT,4,0.99,64,11.99,G,Sports,1.0
605,NUTS TIES,5,4.99,145,10.99,NC-17,New,
606,OCTOBER SUBMARINE,6,4.99,54,10.99,PG-13,Classics,1.0
607,ODDS BOOGIE,6,0.99,48,14.99,NC-17,Family,1.0
608,OKLAHOMA JUMANJI,7,0.99,58,15.99,PG,New,
609,OLEANDER CLUE,5,0.99,161,12.99,PG,Music,1.0
610,OPEN AFRICAN,7,4.99,131,16.99,PG,Sci-Fi,1.0
611,OPERATION OPERATION,7,2.99,156,23.99,G,Comedy,1.0
612,OPPOSITE NECKLACE,7,4.99,92,9.99,PG,Family,1.0
613,OPUS ICE,5,4.99,102,21.99,R,Foreign,1.0
614,ORANGE GRAPES,4,0.99,76,21.99,PG-13,Foreign,1.0
615,ORIENT CLOSER,3,2.99,118,22.99,R,Drama,
616,OSCAR GOLD,7,2.99,115,29.99,PG,Animation,
617,OTHERS SOUP,7,2.99,118,18.99,PG,Travel,1.0
618,OUTBREAK DIVINE,6,0.99,169,12.99,NC-17,Games,1.0
619,OUTFIELD MASSACRE,4,0.99,129,18.99,NC-17,Music,1.0
620,OUTLAW HANKY,7,4.99,148,17.99,PG-13,Travel,
621,OZ LIAISONS,4,2.99,85,14.99,R,Animation,1.0
622,PACIFIC AMISTAD,3,0.99,144,27.99,G,Documentary,1.0
623,PACKER MADIGAN,3,0.99,84,20.99,PG-13,Animation,1.0
624,PAJAMA JAWBREAKER,3,0.99,126,14.99,R,Classics,
625,PANIC CLUB,3,4.99,102,15.99,G,Horror,
626,PANKY SUBMARINE,4,4.99,93,19.99,G,Games,1.0
627,PANTHER REDS,5,4.99,109,22.99,NC-17,Sci-Fi,
628,PAPI NECKLACE,3,0.99,128,9.99,PG,Travel,1.0
629,PARADISE SABRINA,5,2.99,48,12.99,PG-13,Comedy,
630,PARIS WEEKEND,7,2.99,121,19.99,PG-13,Horror,
631,PARK CITIZEN,3,4.99,109,14.99,PG-13,Action,1.0
632,PARTY KNOCK,7,2.99,107,11.99,PG,Comedy,
633,PAST SUICIDES,5,4.99,157,17.99,PG-13,Foreign,1.0
634,PATHS CONTROL,3,4.99,118,9.99,PG,Drama,
635,PATIENT SISTER,7,0.99,99,29.99,NC-17,Classics,1.0
636,PATRIOT ROMAN,6,2.99,65,12.99,PG,Action,1.0
637,PATTON INTERVIEW,4,2.99,175,22.99,PG,Horror,1.0
638,PAYCHECK WAIT,4,4.99,145,27.99,PG-13,Drama,
639,PEACH INNOCENT,3,2.99,160,20.99,PG-13,Sports,1.0
640,PEAK FOREVER,7,4.99,80,25.99,PG,Sports,1.0
641,PELICAN COMFORTS,4,4.99,48,17.99,PG,Documentary,1.0
642,PERFECT GROOVE,7,2.99,82,17.99,PG-13,Comedy,1.0
643,PERSONAL LADYBUGS,3,0.99,118,19.99,PG-13,Music,1.0
644,PET HAUNTING,3,0.99,99,11.99,PG,Foreign,
645,PHANTOM GLORY,6,2.99,60,17.99,NC-17,New,
646,PHILADELPHIA WIFE,7,4.99,137,16.99,PG-13,Sports,1.0
647,PIANIST OUTFIELD,6,0.99,136,25.99,NC-17,New,
648,PICKUP DRIVING,3,2.99,77,23.99,G,Sports,1.0
649,PILOT HOOSIERS,6,2.99,50,17.99,PG,Family,1.0
650,PINOCCHIO SIMON,4,4.99,103,21.99,PG,Comedy,1.0
651,PIRATES ROXANNE,4,0.99,100,20.99,PG,Sports,1.0
652,PITTSBURGH HUNCHBACK,4,4.99,134,17.99,PG-13,Family,1.0
653,PITY BOUND,5,4.99,60,19.99,NC-17,Drama,1.0
654,PIZZA JUMANJI,4,2.99,173,11.99,NC-17,Games,1.0
655,PLATOON INSTINCT,6,4.99,132,10.99,PG-13,New,1.0
656,PLUTO OLEANDER,5,4.99,84,9.99,R,New,1.0
657,POCUS PULP,6,0.99,138,15.99,NC-17,Documentary,1.0
658,POLISH BROOKLYN,6,0.99,61,12.99,PG,Children,1.0
659,POLLOCK DELIVERANCE,5,2.99,137,14.99,PG,Foreign,1.0
660,POND SEATTLE,7,2.99,185,25.99,PG-13,Animation,1.0
661,POSEIDON FOREVER,6,4.99,159,29.99,PG-13,Sports,
662,POTLUCK MIXED,3,2.99,179,10.99,G,Animation,1.0
663,POTTER CONNECTICUT,5,2.99,115,16.99,PG,Animation,1.0
664,PREJUDICE OLEANDER,6,4.99,98,15.99,PG-13,Classics,1.0
665,PRESIDENT BANG,6,4.99,144,12.99,PG,Family,
666,PRIDE ALAMO,6,0.99,114,20.99,NC-17,Animation,1.0
667,PRIMARY GLASS,7,0.99,53,16.99,G,Action,
668,PRINCESS GIANT,3,2.99,71,29.99,NC-17,Documentary,1.0
669,PRIVATE DROP,7,4.99,106,26.99,PG,Games,
670,PRIX UNDEFEATED,4,2.99,115,13.99,R,Family,1.0
671,PULP BEVERLY,4,2.99,89,12.99,G,Horror,1.0
672,PUNK DIVORCE,6,4.99,100,18.99,PG,Animation,1.0
673,PURE RUNNER,3,2.99,121,25.99,NC-17,Comedy,1.0
674,PURPLE MOVIE,4,2.99,88,9.99,R,Foreign,1.0
675,QUEEN LUKE,5,4.99,163,22.99,PG,Drama,1.0
676,QUEST MUSSOLINI,5,2.99,177,29.99,R,Action,
677,QUILLS BULL,4,4.99,112,19.99,R,Documentary,1.0
678,RACER EGG,7,2.99,147,19.99,NC-17,Drama,
679,RAGE GAMES,4,4.99,120,18.99,R,Family,
680,RAGING AIRPLANE,4,4.99,154,18.99,R,Sci-Fi,1.0
681,RANDOM GO,6,2.99,73,29.99,NC-17,Sci-Fi,
682,RANGE MOONWALKER,3,4.99,147,25.99,PG,Family,1.0
683,REAP UNFAITHFUL,6,2.99,136,26.99,PG-13,Horror,
684,REAR TRADING,6,0.99,97,23.99,NC-17,Action,1.0
685,REBEL AIRPORT,7,0.99,73,24.99,G,Music,
686,RECORDS ZORRO,7,4.99,182,11.99,PG,Sports,1.0
687,REDEMPTION COMFORTS,3,2.99,179,20.99,NC-17,New,
688,REDS POCUS,7,4.99,182,23.99,PG-13,Music,1.0
689,REEF SALUTE,5,0.99,123,26.99,NC-17,Horror,
690,REIGN GENTLEMEN,3,2.99,82,29.99,PG-13,Sci-Fi,1.0
691,REMEMBER DIARY,5,2.99,110,15.99,R,Family,1.0
692,REQUIEM TYCOON,6,4.99,167,25.99,R,Classics,1.0
693,RESERVOIR ADAPTATION,7,2.99,61,29.99,PG-13,Foreign,1.0
694,RESURRECTION SILVERADO,6,0.99,117,12.99,PG,Family,1.0
695,REUNION WITCHES,3,0.99,63,26.99,R,Drama,1.0
696,RIDER CADDYSHACK,5,2.99,177,28.99,PG,Sports,
697,RIDGEMONT SUBMARINE,3,0.99,46,28.99,PG-13,New,1.0
698,RIGHT CRANES,7,4.99,153,29.99,PG-13,Classics,
699,RINGS HEARTBREAKERS,5,0.99,58,17.99,G,Action,1.0
700,RIVER OUTLAW,4,0.99,149,29.99,PG-13,Sports,1.0
701,ROAD ROXANNE,4,4.99,158,12.99,R,Documentary,1.0
702,ROBBERS JOON,7,2.99,102,26.99,PG-13,Children,1.0
703,ROBBERY BRIGHT,4,0.99,134,21.99,R,Family,1.0
704,ROCK INSTINCT,4,0.99,102,28.99,G,Horror,
705,ROCKETEER MOTHER,3,0.99,178,27.99,PG-13,Foreign,1.0
706,ROCKY WAR,4,4.99,145,17.99,PG-13,Drama,1.0
707,ROLLERCOASTER BRINGING,5,2.99,153,13.99,PG-13,Horror,1.0
708,ROMAN PUNK,7,0.99,81,28.99,NC-17,Music,1.0
709,ROOM ROMAN,7,0.99,60,27.99,PG,Animation,1.0
710,ROOTS REMEMBER,4,0.99,89,23.99,PG-13,Classics,1.0
711,ROSES TREASURE,5,4.99,162,23.99,PG-13,Sports,1.0
712,ROUGE SQUAD,3,0.99,118,10.99,NC-17,Games,1.0
713,ROXANNE REBEL,5,0.99,171,9.99,R,Games,1.0
714,RUGRATS SHAKESPEARE,4,0.99,109,16.99,PG-13,Action,1.0
715,RULES HUMAN,6,4.99,153,19.99,R,Horror,1.0
716,RUN PACIFIC,3,0.99,145,25.99,R,New,1.0
717,RUNAWAY TENENBAUMS,6,0.99,181,17.99,NC-17,New,1.0
718,RUNNER MADIGAN,6,0.99,101,27.99,NC-17,Music,
719,RUSH GOODFELLAS,3,0.99,48,20.99,PG,Family,1.0
720,RUSHMORE MERMAID,6,2.99,150,17.99,PG-13,Comedy,
721,SABRINA MIDNIGHT,5,4.99,99,11.99,PG,Children,
722,SADDLE ANTITRUST,7,2.99,80,10.99,PG-13,Comedy,1.0
723,SAGEBRUSH CLUELESS,4,2.99,106,28.99,G,Documentary,1.0
724,SAINTS BRIDE,5,2.99,125,11.99,G,Drama,
725,SALUTE APOLLO,4,2.99,73,29.99,R,New,1.0
726,SAMURAI LION,5,2.99,110,21.99,G,New,1.0
727,SANTA PARIS,7,2.99,154,23.99,PG,Children,1.0
728,SASSY PACKER,6,0.99,154,29.99,G,Games,1.0
729,SATISFACTION CONFIDENTIAL,3,4.99,75,26.99,G,Sports,1.0
730,SATURDAY LAMBS,3,4.99,150,28.99,G,Sports,1.0
731,SATURN NAME,7,4.99,182,18.99,R,Comedy,
732,SAVANNAH TOWN,5,0.99,84,25.99,PG-13,Drama,1.0
733,SCALAWAG DUCK,6,4.99,183,13.99,NC-17,Music,1.0
734,SCARFACE BANG,3,4.99,102,11.99,PG-13,Children,1.0
735,SCHOOL JACKET,5,4.99,151,21.99,PG-13,Foreign,
736,SCISSORHANDS SLUMS,5,2.99,147,13.99,G,Foreign,1.0
737,SCORPION APOLLO,3,4.99,137,23.99,NC-17,Drama,1.0
738,SEA VIRGIN,4,2.99,80,24.99,PG,Drama,1.0
739,SEABISCUIT PUNK,6,2.99,112,28.99,NC-17,Sports,1.0
740,SEARCHERS WAIT,3,2.99,182,22.99,NC-17,Comedy,
741,SEATTLE EXPECATIONS,4,4.99,110,18.99,PG-13,Drama,1.0
742,SECRET GROUNDHOG,6,4.99,90,11.99,PG,Documentary,1.0
743,SECRETARY ROUGE,5,4.99,158,10.99,PG,Sports,
744,SECRETS PARADISE,3,4.99,109,24.99,G,Family,1.0
745,SENSE GREEK,4,4.99,54,23.99,R,Sports,
746,SENSIBILITY REAR,7,4.99,98,15.99,PG,Family,
747,SEVEN SWARM,4,4.99,127,15.99,R,Games,
748,SHAKESPEARE SADDLE,6,2.99,60,26.99,PG-13,Sports,1.0
749,SHANE DARKNESS,5,2.99,93,22.99,PG,Travel,1.0
750,SHANGHAI TYCOON,7,2.99,47,20.99,PG,Travel,
751,SHAWSHANK BUBBLE,6,4.99,80,20.99,PG,Travel,
752,SHEPHERD MIDSUMMER,7,0.99,113,14.99,R,Children,1.0
753,SHINING ROSES,4,0.99,125,12.99,G,Travel,
754,SHIP WONDERLAND,5,2.99,104,15.99,R,Documentary,1.0
755,SHOCK CABIN,7,2.99,79,15.99,PG-13,Foreign,
756,SHOOTIST SUPERFLY,6,0.99,67,22.99,PG-13,Drama,1.0
757,SHOW LORD,3,4.99,167,24.99,PG-13,Documentary,1.0
758,SHREK LICENSE,7,2.99,154,15.99,PG-13,Foreign,1.0
759,SHRUNK DIVINE,6,2.99,139,14.99,R,Action,1.0
760,SIDE ARK,5,0.99,52,28.99,G,Action,
761,SIEGE MADRE,7,0.99,111,23.99,R,Family,1.0
762,SIERRA DIVIDE,3,0.99,135,12.99,NC-17,Sports,
763,SILENCE KANE,7,0.99,67,23.99,R,Music,1.0
764,SILVERADO GOLDFINGER,4,4.99,74,11.99,PG,Sci-Fi,
765,SIMON NORTH,3,0.99,51,26.99,NC-17,Horror,
766,SINNERS ATLANTIS,7,2.99,126,19.99,PG-13,Horror,1.0
767,SLACKER LIAISONS,7,4.99,179,29.99,R,Drama,1.0
768,SLEEPING SUSPECTS,7,4.99,129,13.99,PG-13,Horror,1.0
769,SLEEPLESS MONSOON,5,4.99,64,12.99,G,Animation,1.0
770,SLEEPY JAPANESE,4,2.99,137,25.99,PG,New,1.0
771,SLEUTH ORIENT,4,0.99,87,25.99,NC-17,Games,1.0
772,SLING LUKE,5,0.99,84,10.99,R,Classics,
773,SLIPPER FIDELITY,5,0.99,156,14.99,PG-13,Sports,1.0
774,SLUMS DUCK,5,0.99,147,21.99,PG,Family,1.0
775,SMILE EARRING,4,2.99,60,29.99,G,Travel,
776,SMOKING BARBARELLA,7,0.99,50,13.99,PG-13,Documentary,1.0
777,SMOOCHY CONTROL,7,0.99,184,18.99,R,Sports,
778,SNATCH SLIPPER,6,4.99,110,15.99,PG,Comedy,1.0
779,SNATCHERS MONTEZUMA,4,2.99,74,14.99,PG-13,Classics,
780,SNOWMAN ROLLERCOASTER,3,0.99,62,27.99,G,Animation,1.0
781,SOLDIERS EVOLUTION,7,4.99,185,27.99,R,Sci-Fi,1.0
782,SOMETHING DUCK,4,4.99,180,17.99,NC-17,Drama,1.0
783,SONG HEDWIG,3,0.99,165,29.99,PG-13,Music,1.0
784,SONS INTERVIEW,3,2.99,184,11.99,NC-17,Animation,
785,SORORITY QUEEN,6,0.99,184,17.99,NC-17,Foreign,
786,SOUP WISDOM,6,0.99,169,12.99,R,Family,1.0
787,SOUTH WAIT,4,2.99,143,21.99,R,Action,1.0
788,SPARTACUS CHEAPER,4,4.99,52,19.99,NC-17,Family,
789,SPEAKEASY DATE,6,2.99,165,22.99,PG-13,Action,1.0
790,SPEED SUIT,7,4.99,124,19.99,PG-13,Travel,1.0
791,SPICE SORORITY,5,4.99,141,22.99,NC-17,Drama,1.0
792,SPIKING ELEMENT,7,2.99,79,12.99,G,Classics,1.0
793,SPINAL ROCKY,7,2.99,138,12.99,PG-13,Family,
794,SPIRIT FLINTSTONES,7,0.99,149,23.99,R,Horror,
795,SPIRITED CASUALTIES,5,0.99,138,20.99,PG-13,Sci-Fi,
796,SPLASH GUMP,5,0.99,175,16.99,PG,Family,
797,SPLENDOR PATTON,5,0.99,134,20.99,R,Children,
798,SPOILERS HELLFIGHTERS,4,0.99,151,26.99,G,Documentary,1.0
799,SPY MILE,6,2.99,112,13.99,PG-13,Games,
800,SQUAD FISH,3,2.99,136,14.99,PG,Sports,
801,STAGE WORLD,4,2.99,85,19.99,PG,Comedy,
802,STAGECOACH ARMAGEDDON,5,4.99,112,25.99,R,Action,1.0
803,STALLION SUNDANCE,5,0.99,130,23.99,PG-13,Sci-Fi,1.0
804,STAMPEDE DISTURBING,5,0.99,75,26.99,R,Games,
805,STAR OPERATION,5,2.99,181,9.99,PG,Sports,1.0
806,STATE WASTELAND,4,2.99,113,13.99,NC-17,Games,1.0
807,STEEL SANTA,4,4.99,143,15.99,NC-17,Classics,1.0
808,STEERS ARMAGEDDON,6,4.99,140,16.99,PG,Sports,
809,STEPMOM DREAM,7,4.99,48,9.99,NC-17,Foreign,1.0
810,STING PERSONAL,3,4.99,93,9.99,NC-17,New,
811,STOCK GLASS,7,2.99,160,10.99,PG,New,
812,STONE FIRE,3,0.99,94,19.99,G,Travel,1.0
813,STORM HAPPINESS,6,0.99,57,28.99,NC-17,Animation,1.0
814,STORY SIDE,7,0.99,163,27.99,R,Action,1.0
815,STRAIGHT HOURS,3,0.99,151,19.99,R,Sports,1.0
816,STRANGELOVE DESIRE,4,0.99,103,27.99,NC-17,Children,1.0
817,STRANGER STRANGERS,3,4.99,139,12.99,G,Children,1.0
818,STRANGERS GRAFFITI,4,4.99,119,22.99,R,Horror,1.0
819,STREAK RIDGEMONT,7,0.99,132,28.99,PG-13,Documentary,1.0
820,STREETCAR INTENTIONS,5,4.99,73,11.99,R,Horror,1.0
821,STRICTLY SCARFACE,3,2.99,144,24.99,PG-13,Comedy,
822,SUBMARINE BED,5,4.99,127,21.99,R,Comedy,1.0
823,SUGAR WONKA,3,4.99,114,20.99,PG,Animation,1.0
824,SUIT WALLS,3,4.99,111,12.99,R,Games,1.0
825,SUMMER SCARFACE,5,0.99,53,25.99,G,Classics,1.0
826,SUN CONFESSIONS,5,0.99,141,9.99,R,Sci-Fi,1.0
827,SUNDANCE INVASION,5,0.99,92,21.99,NC-17,Children,1.0
828,SUNRISE LEAGUE,3,4.99,135,19.99,PG-13,Animation,1.0
829,SUNSET RACER,6,0.99,48,28.99,NC-17,Family,1.0
830,SUPER WYOMING,5,4.99,58,10.99,PG,Family,1.0
831,SUPERFLY TRIP,5,0.99,114,27.99,PG,Travel,1.0
832,SUSPECTS QUILLS,4,2.99,47,22.99,PG,Action,1.0
833,SWARM GOLD,4,0.99,123,12.99,PG-13,Horror,1.0
834,SWEDEN SHINING,6,4.99,176,19.99,PG,Comedy,1.0
835,SWEET BROTHERHOOD,3,2.99,185,27.99,R,Travel,1.0
836,SWEETHEARTS SUSPECTS,3,0.99,108,13.99,G,Children,1.0
837,TALENTED HOMICIDE,6,0.99,173,9.99,PG,Sports,1.0
838,TARZAN VIDEOTAPE,3,2.99,91,11.99,PG-13,Horror,
839,TAXI KICK,4,0.99,64,23.99,PG-13,Music,
840,TEEN APOLLO,3,4.99,74,25.99,G,Travel,1.0
841,TELEGRAPH VOYAGE,3,4.99,148,20.99,PG,Music,1.0
842,TELEMARK HEARTBREAKERS,6,2.99,152,9.99,PG-13,Animation,1.0
843,TEMPLE ATTRACTION,5,4.99,71,13.99,PG,Horror,1.0
844,TENENBAUMS COMMAND,4,0.99,99,24.99,PG-13,Drama,1.0
845,TEQUILA PAST,6,4.99,53,17.99,PG,Children,
846,TERMINATOR CLUB,5,4.99,88,11.99,R,Music,
847,TEXAS WATCH,7,0.99,179,22.99,NC-17,Horror,
848,THEORY MERMAID,5,0.99,184,9.99,PG-13,Animation,
849,THIEF PELICAN,5,4.99,135,28.99,PG-13,Animation,1.0
850,THIN SAGEBRUSH,5,4.99,53,9.99,PG-13,Documentary,
851,TIES HUNGER,3,4.99,111,28.99,R,Children,1.0
852,TIGHTS DAWN,5,0.99,172,14.99,R,Sports,
853,TIMBERLAND SKY,3,0.99,69,13.99,G,Classics,1.0
854,TITANIC BOONDOCK,3,4.99,104,18.99,R,Animation,1.0
855,TITANS JERK,4,4.99,91,11.99,PG,Sci-Fi,1.0
856,TOMATOES HELLFIGHTERS,6,0.99,68,23.99,PG,Travel,
857,TOMORROW HUSTLER,3,2.99,142,21.99,R,Classics,1.0
858,TOOTSIE PILOT,3,0.99,157,10.99,PG,Children,1.0
859,TORQUE BOUND,3,4.99,179,27.99,G,Drama,1.0
860,TOURIST PELICAN,4,4.99,152,18.99,PG-13,Sports,1.0
861,TOWERS HURRICANE,7,0.99,144,14.99,NC-17,Classics,1.0
862,TOWN ARK,6,2.99,136,17.99,R,Foreign,1.0
863,TRACY CIDER,3,0.99,142,29.99,G,Animation,1.0
864,TRADING PINOCCHIO,6,4.99,170,22.99,PG,Sports,1.0
865,TRAFFIC HOBBIT,5,4.99,139,13.99,G,Travel,
866,TRAIN BUNCH,3,4.99,71,26.99,R,Horror,
867,TRAINSPOTTING STRANGERS,7,4.99,132,10.99,PG-13,Comedy,1.0
868,TRAMP OTHERS,4,0.99,171,27.99,PG,Comedy,1.0
869,TRANSLATION SUMMER,4,0.99,168,10.99,PG-13,Drama,1.0
870,TRAP GUYS,3,4.99,110,11.99,G,Foreign,1.0
871,TREATMENT JEKYLL,3,0.99,87,19.99,PG,Drama,1.0
872,TRIP NEWTON,7,4.99,64,14.99,PG-13,Action,1.0
873,TROJAN TOMORROW,3,2.99,52,9.99,PG,Sci-Fi,1.0
874,TROOPERS METAL,3,0.99,115,20.99,R,New,
875,TROUBLE DATE,6,2.99,61,13.99,PG,Travel,1.0
876,TRUMAN CRAZY,7,4.99,92,9.99,G,Action,1.0
877,TURN STAR,3,2.99,80,10.99,G,Animation,1.0
878,TUXEDO MILE,3,2.99,152,24.99,R,Sports,
879,TWISTED PIRATES,4,4.99,152,23.99,PG,Children,
880,TYCOON GATHERING,3,4.99,82,17.99,G,Games,
881,UNBREAKABLE KARATE,3,0.99,62,16.99,G,New,1.0
882,UNCUT SUICIDES,7,2.99,172,29.99,PG-13,Music,1.0
883,UNDEFEATED DALMATIONS,7,4.99,107,22.99,PG-13,Horror,1.0
884,UNFAITHFUL KILL,7,2.99,78,12.99,R,Drama,
885,UNFORGIVEN ZOOLANDER,7,0.99,129,15.99,PG,Sci-Fi,1.0
886,UNITED PILOT,3,0.99,164,27.99,R,Documentary,1.0
887,UNTOUCHABLES SUNRISE,5,2.99,120,11.99,NC-17,Documentary,1.0
888,UPRISING UPTOWN,6,2.99,174,16.99,NC-17,Action,1.0
889,UPTOWN YOUNG,5,2.99,84,16.99,PG,Children,1.0
890,USUAL UNTOUCHABLES,5,4.99,128,21.99,PG-13,Foreign,1.0
891,VACATION BOONDOCK,4,2.99,145,23.99,R,Sci-Fi,1.0
892,VALENTINE VANISHING,7,0.99,48,9.99,PG-13,Travel,1.0
893,VALLEY PACKER,3,0.99,73,21.99,G,Comedy,1.0
894,VAMPIRE WHALE,4,4.99,126,11.99,NC-17,New,1.0
895,VANILLA DAY,7,4.99,122,20.99,NC-17,Games,
896,VANISHED GARDEN,5,0.99,142,17.99,R,New,
897,VANISHING ROCKY,3,2.99,123,21.99,NC-17,Music,1.0
898,VARSITY TRIP,7,2.99,85,14.99,NC-17,New,
899,VELVET TERMINATOR,3,4.99,173,14.99,R,Comedy,1.0
900,VERTIGO NORTHWEST,4,2.99,90,17.99,R,Comedy,
901,VICTORY ACADEMY,6,0.99,64,19.99,PG-13,Sports,
902,VIDEOTAPE ARSENIC,4,4.99,145,10.99,NC-17,Games,1.0
903,VIETNAM SMOOCHY,7,0.99,174,27.99,PG-13,Drama,1.0
904,VIRGIN DAISY,6,4.99,179,29.99,PG-13,Drama,1.0
905,VIRGINIAN PLUTO,5,0.99,164,22.99,R,Documentary,1.0
906,VIRTUAL SPOILERS,3,4.99,144,14.99,NC-17,Family,
907,VISION TORQUE,5,0.99,59,16.99,PG-13,Foreign,1.0
908,VOICE PEACH,6,0.99,139,22.99,PG-13,New,1.0
909,VOLCANO TEXAS,6,0.99,157,27.99,NC-17,Games,1.0
910,VOYAGE LEGALLY,6,0.99,78,28.99,PG-13,Classics,1.0
911,WAGON JAWS,7,2.99,152,17.99,PG,Documentary,
912,WAIT CIDER,3,0.99,112,9.99,PG-13,Animation,1.0
913,WANDA CHAMBER,7,4.99,107,23.99,PG-13,Games,1.0
914,WAR NOTTING,7,4.99,80,26.99,G,Foreign,
915,WARDROBE PHANTOM,6,2.99,178,19.99,G,Drama,1.0
916,WARLOCK WEREWOLF,6,2.99,83,10.99,G,Children,
917,WARS PLUTO,5,2.99,128,15.99,G,Documentary,
918,WASH HEAVENLY,7,4.99,161,22.99,R,Foreign,1.0
919,WASTELAND DIVINE,7,2.99,85,18.99,PG,Classics,1.0
920,WATCH TRACY,5,0.99,78,12.99,PG,Animation,1.0
921,WATERFRONT DELIVERANCE,4,4.99,61,17.99,G,Action,1.0
922,WATERSHIP FRONTIER,6,0.99,112,28.99,G,Horror,
923,WEDDING APOLLO,3,0.99,70,14.99,PG,Documentary,1.0
924,WEEKEND PERSONAL,5,2.99,134,26.99,R,Sci-Fi,1.0
925,WEREWOLF LOLA,6,4.99,79,19.99,G,Action,1.0
926,WEST LION,4,4.99,159,29.99,G,Drama,1.0
927,WESTWARD SEABISCUIT,7,0.99,52,11.99,NC-17,Classics,1.0
928,WHALE BIKINI,4,4.99,109,11.99,PG-13,Foreign,1.0
929,WHISPERER GIANT,4,4.99,59,24.99,PG-13,Sci-Fi,1.0
930,WIFE TURN,3,4.99,183,27.99,NC-17,Documentary,1.0
931,WILD APOLLO,4,0.99,181,24.99,R,New,
932,WILLOW TRACY,6,2.99,137,22.99,R,Family,1.0
933,WIND PHANTOM,6,0.99,111,12.99,R,Games,1.0
934,WINDOW SIDE,3,2.99,85,25.99,R,Travel,
935,WISDOM WORKER,3,0.99,98,12.99,R,Comedy,
936,WITCHES PANIC,6,4.99,100,10.99,NC-17,Drama,1.0
937,WIZARD COLDBLOODED,4,4.99,75,12.99,PG,Music,1.0
938,WOLVES DESIRE,7,0.99,55,13.99,NC-17,Travel,
939,WOMEN DORADO,4,0.99,126,23.99,R,Action,1.0
940,WON DARES,7,2.99,105,18.99,PG,Music,
941,WONDERFUL DROP,3,2.99,126,20.99,NC-17,Foreign,1.0
942,WONDERLAND CHRISTMAS,4,4.99,111,19.99,PG,Sci-Fi,1.0
943,WONKA SEA,6,2.99,85,24.99,NC-17,Animation,
944,WORDS HUNTER,3,2.99,116,13.99,PG,Music,1.0
945,WORKER TARZAN,7,2.99,139,26.99,R,Travel,
946,WORKING MICROCOSMOS,4,4.99,74,22.99,R,Travel,1.0
947,WORLD LEATHERNECKS,3,0.99,171,13.99,PG-13,Horror,
948,WORST BANGER,4,2.99,185,26.99,PG,Action,1.0
949,WRATH MILE,5,0.99,176,17.99,NC-17,Documentary,1.0
950,WRONG BEHAVIOR,6,2.99,178,10.99,PG-13,Children,
951,WYOMING STORM,6,4.99,100,29.99,PG-13,New,1.0
952,YENTL IDAHO,5,4.99,86,11.99,R,Horror,1.0
953,YOUNG LANGUAGE,6,0.99,183,9.99,G,Documentary,
954,YOUTH KICK,4,0.99,179,14.99,NC-17,Music,
955,ZHIVAGO CORE,6,0.99,105,10.99,NC-17,Horror,1.0
956,ZOOLANDER FICTION,5,2.99,101,28.99,R,Children,1.0
957,ZORRO ARK,3,4.99,50,18.99,NC-17,Comedy,1.0
